{
    "input_folder": {
        "foreground_mean": {
            "Dice": 0.8333780837743364,
            "FN": 259.82807692307694,
            "FP": 211.96884615384613,
            "IoU": 0.7575083622601857,
            "TN": 1409002.2084615384,
            "TP": 2588.1396153846154,
            "n_pred": 2800.1084615384616,
            "n_ref": 2847.967692307693
        },
        "mean": {
            "1": {
                "Dice": 0.9084415615212865,
                "FN": 229.915,
                "FP": 186.095,
                "IoU": 0.8360987845043636,
                "TN": 1409174.18,
                "TP": 2471.955,
                "n_pred": 2658.05,
                "n_ref": 2701.87
            },
            "10": {
                "Dice": 0.7135700610810213,
                "FN": 51.805,
                "FP": 17.0,
                "IoU": 0.6036072512837288,
                "TN": 1411849.12,
                "TP": 144.22,
                "n_pred": 161.22,
                "n_ref": 196.025
            },
            "11": {
                "Dice": 0.8805273695476892,
                "FN": 309.425,
                "FP": 223.335,
                "IoU": 0.803006011655233,
                "TN": 1409211.625,
                "TP": 2317.76,
                "n_pred": 2541.095,
                "n_ref": 2627.185
            },
            "12": {
                "Dice": 0.8868782286110481,
                "FN": 297.18,
                "FP": 214.51,
                "IoU": 0.8109658959742376,
                "TN": 1409286.79,
                "TP": 2263.665,
                "n_pred": 2478.175,
                "n_ref": 2560.845
            },
            "13": {
                "Dice": 0.631748990928398,
                "FN": 29.26,
                "FP": 8.32,
                "IoU": 0.5609965964478505,
                "TN": 1411922.345,
                "TP": 102.22,
                "n_pred": 110.54,
                "n_ref": 131.48
            },
            "2": {
                "Dice": 0.8820486984513386,
                "FN": 228.345,
                "FP": 142.79,
                "IoU": 0.8056385844936773,
                "TN": 1409988.135,
                "TP": 1702.875,
                "n_pred": 1845.665,
                "n_ref": 1931.22
            },
            "3": {
                "Dice": 0.8875218026292501,
                "FN": 235.57,
                "FP": 155.42,
                "IoU": 0.8123880871966312,
                "TN": 1409869.56,
                "TP": 1801.595,
                "n_pred": 1957.015,
                "n_ref": 2037.165
            },
            "4": {
                "Dice": 0.9235447360179603,
                "FN": 757.97,
                "FP": 749.6,
                "IoU": 0.8725917038082417,
                "TN": 1400952.435,
                "TP": 9602.14,
                "n_pred": 10351.74,
                "n_ref": 10360.11
            },
            "5": {
                "Dice": 0.8904755225721456,
                "FN": 199.505,
                "FP": 130.96,
                "IoU": 0.8161959960574994,
                "TN": 1410212.68,
                "TP": 1519.0,
                "n_pred": 1649.96,
                "n_ref": 1718.505
            },
            "6": {
                "Dice": 0.9232026074736168,
                "FN": 745.315,
                "FP": 750.39,
                "IoU": 0.8725947569650583,
                "TN": 1400820.865,
                "TP": 9745.575,
                "n_pred": 10495.965,
                "n_ref": 10490.89
            },
            "7": {
                "Dice": 0.893586442182505,
                "FN": 209.47,
                "FP": 139.325,
                "IoU": 0.819898213544478,
                "TN": 1410123.41,
                "TP": 1589.94,
                "n_pred": 1729.265,
                "n_ref": 1799.41
            },
            "8": {
                "Dice": 0.7126315629094548,
                "FN": 44.59,
                "FP": 19.295,
                "IoU": 0.6246373493031278,
                "TN": 1411783.87,
                "TP": 214.39,
                "n_pred": 233.685,
                "n_ref": 258.98
            },
            "9": {
                "Dice": 0.6997375051406596,
                "FN": 39.415,
                "FP": 18.555,
                "IoU": 0.6089894781482859,
                "TN": 1411833.695,
                "TP": 170.48,
                "n_pred": 189.035,
                "n_ref": 209.895
            }
        }
    },
    "postprocessed": {
        "foreground_mean": {
            "Dice": 0.8334688274610649,
            "FN": 260.1807692307693,
            "FP": 209.0342307692308,
            "IoU": 0.757645958586376,
            "TN": 1409005.143076923,
            "TP": 2587.7869230769234,
            "n_pred": 2796.821153846154,
            "n_ref": 2847.967692307693
        },
        "mean": {
            "1": {
                "Dice": 0.9084415615212865,
                "FN": 229.915,
                "FP": 186.095,
                "IoU": 0.8360987845043636,
                "TN": 1409174.18,
                "TP": 2471.955,
                "n_pred": 2658.05,
                "n_ref": 2701.87
            },
            "10": {
                "Dice": 0.7135700610810213,
                "FN": 51.805,
                "FP": 17.0,
                "IoU": 0.6036072512837288,
                "TN": 1411849.12,
                "TP": 144.22,
                "n_pred": 161.22,
                "n_ref": 196.025
            },
            "11": {
                "Dice": 0.8805273695476892,
                "FN": 309.425,
                "FP": 223.335,
                "IoU": 0.803006011655233,
                "TN": 1409211.625,
                "TP": 2317.76,
                "n_pred": 2541.095,
                "n_ref": 2627.185
            },
            "12": {
                "Dice": 0.8868782286110481,
                "FN": 297.18,
                "FP": 214.51,
                "IoU": 0.8109658959742376,
                "TN": 1409286.79,
                "TP": 2263.665,
                "n_pred": 2478.175,
                "n_ref": 2560.845
            },
            "13": {
                "Dice": 0.631748990928398,
                "FN": 29.26,
                "FP": 8.32,
                "IoU": 0.5609965964478505,
                "TN": 1411922.345,
                "TP": 102.22,
                "n_pred": 110.54,
                "n_ref": 131.48
            },
            "2": {
                "Dice": 0.8820486984513386,
                "FN": 228.345,
                "FP": 142.79,
                "IoU": 0.8056385844936773,
                "TN": 1409988.135,
                "TP": 1702.875,
                "n_pred": 1845.665,
                "n_ref": 1931.22
            },
            "3": {
                "Dice": 0.8875218026292501,
                "FN": 235.57,
                "FP": 155.42,
                "IoU": 0.8123880871966312,
                "TN": 1409869.56,
                "TP": 1801.595,
                "n_pred": 1957.015,
                "n_ref": 2037.165
            },
            "4": {
                "Dice": 0.9246127186903302,
                "FN": 761.93,
                "FP": 713.74,
                "IoU": 0.8742950753620654,
                "TN": 1400988.295,
                "TP": 9598.18,
                "n_pred": 10311.92,
                "n_ref": 10360.11
            },
            "5": {
                "Dice": 0.8905872078272455,
                "FN": 200.13,
                "FP": 128.67,
                "IoU": 0.8162813767441496,
                "TN": 1410214.97,
                "TP": 1518.375,
                "n_pred": 1647.045,
                "n_ref": 1718.505
            },
            "6": {
                "Dice": 0.9232026074736168,
                "FN": 745.315,
                "FP": 750.39,
                "IoU": 0.8725947569650583,
                "TN": 1400820.865,
                "TP": 9745.575,