{
    "input_folder": {
        "foreground_mean": {
            "Dice": 0.7869441208035938,
            "FN": 236.69230769230765,
            "FP": 203.58333333333337,
            "IoU": 0.7002886450530522,
            "TN": 1377925.1901709402,
            "TP": 1410.1397435897436,
            "n_pred": 1613.7230769230769,
            "n_ref": 1646.8320512820515
        },
        "mean": {
            "1": {
                "Dice": 0.904238242741067,
                "FN": 216.52777777777777,
                "FP": 215.87777777777777,
                "IoU": 0.8287632365222029,
                "TN": 1377453.2222222222,
                "TP": 1889.9777777777779,
                "n_pred": 2105.8555555555554,
                "n_ref": 2106.5055555555555
            },
            "10": {
                "Dice": 0.7228614999330909,
                "FN": 55.16111111111111,
                "FP": 30.994444444444444,
                "IoU": 0.609426064269909,
                "TN": 1379534.0944444444,
                "TP": 155.35555555555555,
                "n_pred": 186.35,
                "n_ref": 210.51666666666668
            },
            "11": {
                "Dice": 0.8552210485111967,
                "FN": 385.73333333333335,
                "FP": 326.35555555555555,
                "IoU": 0.7631163067474511,
                "TN": 1377072.4777777777,
                "TP": 1991.0388888888888,
                "n_pred": 2317.3944444444446,
                "n_ref": 2376.7722222222224
            },
            "12": {
                "Dice": 0.854554791866099,
                "FN": 376.4,
                "FP": 314.3,
                "IoU": 0.7634102510367465,
                "TN": 1377138.15,
                "TP": 1946.7555555555555,
                "n_pred": 2261.0555555555557,
                "n_ref": 2323.1555555555556
            },
            "13": {
                "Dice": 0.5128741951011991,
                "FN": 28.43888888888889,
                "FP": 17.55,
                "IoU": 0.439785707965412,
                "TN": 1379650.8777777778,
                "TP": 78.7388888888889,
                "n_pred": 96.28888888888889,
                "n_ref": 107.17777777777778
            },
            "2": {
                "Dice": 0.8556289320083541,
                "FN": 285.21666666666664,
                "FP": 244.57777777777778,
                "IoU": 0.7619280367168587,
                "TN": 1377794.5444444444,
                "TP": 1451.2666666666667,
                "n_pred": 1695.8444444444444,
                "n_ref": 1736.4833333333333
            },
            "3": {
                "Dice": 0.854438767611676,
                "FN": 297.15,
                "FP": 251.7111111111111,
                "IoU": 0.761075231471767,
                "TN": 1377718.7611111111,
                "TP": 1507.9833333333333,
                "n_pred": 1759.6944444444443,
                "n_ref": 1805.1333333333334
            },
            "4": {
                "Dice": 0.894735606855419,
                "FN": 387.4888888888889,
                "FP": 342.8666666666667,
                "IoU": 0.8238370116463328,
                "TN": 1376031.8944444444,
                "TP": 3013.3555555555554,
                "n_pred": 3356.222222222222,
                "n_ref": 3400.8444444444444
            },
            "5": {
                "Dice": 0.8658891570642346,
                "FN": 288.4111111111111,
                "FP": 250.7277777777778,
                "IoU": 0.7777495019664614,
                "TN": 1377637.0055555555,
                "TP": 1599.4611111111112,
                "n_pred": 1850.1888888888889,
                "n_ref": 1887.8722222222223
            },
            "6": {
                "Dice": 0.8901881689267184,
                "FN": 380.75555555555553,
                "FP": 369.7388888888889,
                "IoU": 0.8170792619099073,
                "TN": 1376174.05,
                "TP": 2851.061111111111,
                "n_pred": 3220.8,
                "n_ref": 3231.8166666666666
            },
            "7": {
                "Dice": 0.8696580835873275,
                "FN": 263.3222222222222,
                "FP": 220.63888888888889,
                "IoU": 0.7827900213519343,
                "TN": 1377790.5666666667,
                "TP": 1501.0777777777778,
                "n_pred": 1721.7166666666667,
                "n_ref": 1764.4
            },
            "8": {
                "Dice": 0.5626265537814691,
                "FN": 63.355555555555554,
                "FP": 34.07222222222222,
                "IoU": 0.472356448525049,
                "TN": 1379492.1444444444,
                "TP": 186.03333333333333,
                "n_pred": 220.10555555555555,
                "n_ref": 249.38888888888889
            },
            "9": {
                "Dice": 0.5873585224588688,
                "FN": 49.03888888888889,
                "FP": 27.17222222222222,
                "IoU": 0.5024353055596473,
                "TN": 1379539.6833333333,
                "TP": 159.7111111111111,
                "n_pred": 186.88333333333333,
                "n_ref": 208.75
            }
        }
    },
    "postprocessed": {
        "foreground_mean": {
            "Dice": 0.7870970862213191,
            "FN": 237.1641025641026,
            "FP": 202.05341880341882,
            "IoU": 0.7005046828151479,
            "TN": 1377926.7200854702,
            "TP": 1409.6679487179488,
            "n_pred": 1611.7213675213677,
            "n_ref": 1646.8320512820515
        },
        "mean": {
            "1": {
                "Dice": 0.904238242741067,
                "FN": 216.52777777777777,
                "FP": 215.87777777777777,
                "IoU": 0.8287632365222029,
                "TN": 1377453.2222222222,
                "TP": 1889.9777777777779,
                "n_pred": 2105.8555555555554,
                "n_ref": 2106.5055555555555
            },
            "10": {
                "Dice": 0.7228614999330909,
                "FN": 55.16111111111111,
                "FP": 30.994444444444444,
                "IoU": 0.609426064269909,
                "TN": 1379534.0944444444,
                "TP": 155.35555555555555,
                "n_pred": 186.35,
                "n_ref": 210.51666666666668
            },
            "11": {
                "Dice": 0.8552210485111967,
                "FN": 385.73333333333335,
                "FP": 326.35555555555555,
                "IoU": 0.7631163067474511,
                "TN": 1377072.4777777777,
                "TP": 1991.0388888888888,
                "n_pred": 2317.3944444444446,
                "n_ref": 2376.7722222222224
            },
            "12": {
                "Dice": 0.854554791866099,
                "FN": 376.4,
                "FP": 314.3,
                "IoU": 0.7634102510367465,
                "TN": 1377138.15,
                "TP": 1946.7555555555555,
                "n_pred": 2261.0555555555557,
                "n_ref": 2323.1555555555556
            },
            "13": {
                "Dice": 0.5128741951011991,
                "FN": 28.43888888888889,
                "FP": 17.55,
                "IoU": 0.439785707965412,
                "TN": 1379650.8777777778,
                "TP": 78.7388888888889,
                "n_pred": 96.28888888888889,
                "n_ref": 107.17777777777778
            },
            "2": {
                "Dice": 0.8560165204251344,
                "FN": 290.40555555555557,
                "FP": 237.96666666666667,
                "IoU": 0.7624302911063634,
                "TN": 1377801.1555555556,
                "TP": 1446.0777777777778,
                "n_pred": 1684.0444444444445,
                "n_ref": 1736.4833333333333
            },
            "3": {
                "Dice": 0.854438767611676,
                "FN": 297.15,
                "FP": 251.7111111111111,
                "IoU": 0.761075231471767,